current_time,weather,temp,humidity
2025-08-11 06:45:08,Clouds,28.76,74
2025-08-11 07:02:08,Clouds,28.76,74
2025-08-11 07:33:32,Clouds,29.76,66
2025-08-11 07:49:25,Clouds,29.76,66
2025-08-11 07:58:58,Clouds,29.76,66
2025-08-11 08:39:46,Clouds,29.76,66
2025-08-11 08:59:30,Clouds,29.76,66
2025-08-11 09:34:39,Clouds,27.76,74
2025-08-11 09:51:58,Clouds,27.76,74
2025-08-11 10:13:27,Clouds,27.13,72
2025-08-11 10:43:20,Clouds,27.76,78
2025-08-11 10:56:52,Clouds,27.76,78
2025-08-11 11:21:13,Clouds,25.89,79
2025-08-11 11:36:57,Clouds,26.76,83
2025-08-11 11:48:05,Clouds,26.76,83
2025-08-11 11:58:11,Clouds,26.76,83
2025-08-11 12:57:55,Clear,24.76,88
2025-08-11 13:41:40,Clear,24.76,88
2025-08-11 13:59:38,Clear,24.76,88
2025-08-11 14:31:16,Clear,24.76,88
2025-08-11 14:51:51,Clear,24.76,88
2025-08-11 15:12:47,Clear,22.91,89
2025-08-11 15:38:25,Clear,23.76,100
2025-08-11 15:53:04,Clear,23.76,100
2025-08-11 16:18:24,Clear,22.42,92
2025-08-11 16:47:20,Clouds,22.76,100
2025-08-11 17:01:52,Clouds,22.76,100
2025-08-11 17:30:57,Mist,22.76,100
2025-08-11 17:48:17,Mist,22.76,100
2025-08-11 17:58:14,Mist,22.76,100
2025-08-11 18:40:07,Mist,22.76,100
2025-08-11 18:59:23,Mist,22.76,100
2025-08-11 19:24:03,Clear,22.56,95
2025-08-11 19:38:05,Mist,20.76,100
2025-08-11 19:48:09,Mist,20.76,100
2025-08-11 19:58:03,Mist,20.76,100
2025-08-11 20:26:35,Clear,20.76,100
2025-08-11 20:42:55,Mist,20.76,100
2025-08-11 20:53:55,Mist,20.76,100
2025-08-11 21:15:11,Mist,20.76,100
2025-08-11 21:31:49,Mist,20.76,100
2025-08-11 21:44:15,Mist,20.76,100
2025-08-11 21:54:29,Mist,20.76,100
2025-08-11 22:16:27,Clear,22.9,96
2025-08-11 22:38:59,Mist,23.76,100
2025-08-11 22:50:54,Mist,23.76,100
2025-08-11 23:08:34,Mist,23.76,100
2025-08-11 23:29:17,Clear,26.76,78
2025-08-11 23:43:36,Mist,26.76,78
2025-08-11 23:53:42,Mist,26.76,78
2025-08-12 01:13:27,Mist,27.76,69
2025-08-12 02:55:16,Clear,30.76,51
2025-08-12 03:48:27,Clear,31.76,48
2025-08-12 04:16:40,Clear,31.76,48
2025-08-12 04:44:49,Clouds,32.76,43
2025-08-12 04:58:53,Clouds,32.76,43
2025-08-12 05:27:35,Clouds,32.76,46
2025-08-12 05:44:49,Clouds,32.76,46
2025-08-12 05:54:47,Clouds,32.76,46
2025-08-12 06:28:00,Clouds,33.76,43
2025-08-12 06:54:03,Clouds,33.76,43
2025-08-12 07:16:53,Clear,32.37,45
2025-08-12 07:36:05,Clear,34.76,34
2025-08-12 07:47:37,Clear,34.76,34
2025-08-12 07:57:40,Clear,34.76,34
2025-08-12 08:33:35,Clear,33.76,40
2025-08-12 08:54:55,Clear,33.76,40
2025-08-12 09:21:03,Clear,31.76,45
2025-08-12 09:40:30,Clear,31.76,45
2025-08-12 09:52:15,Clear,31.76,45
2025-08-12 10:13:41,Clouds,30.06,53
2025-08-12 10:41:55,Clear,30.76,55
2025-08-12 10:54:18,Clear,30.76,55
2025-08-12 11:15:07,Clear,30.76,55
2025-08-12 11:31:27,Clear,28.76,61
2025-08-12 11:44:02,Clear,28.76,61
2025-08-12 11:54:19,Clear,28.76,61
2025-08-12 12:35:13,Clear,27.76,65
2025-08-12 13:20:05,Clouds,26.72,72
2025-08-12 13:48:33,Clear,26.76,74
2025-08-12 13:59:22,Clear,26.76,74
2025-08-12 14:28:45,Clear,25.76,78
2025-08-12 14:48:40,Clear,25.76,78
2025-08-12 14:58:40,Clear,25.76,78
2025-08-12 15:30:26,Clear,25.76,83
2025-08-12 15:47:14,Clear,25.76,83
2025-08-12 15:57:57,Clear,25.76,83
2025-08-12 16:33:25,Clouds,26.76,78
2025-08-12 16:54:18,Clouds,26.76,78
2025-08-12 17:16:34,Clouds,25.03,83
2025-08-12 17:38:59,Clouds,23.76,100
2025-08-12 17:51:54,Clouds,23.76,100
2025-08-12 18:17:03,Clouds,24.96,81
2025-08-12 18:48:02,Clouds,24.76,100
2025-08-12 19:00:52,Clouds,24.76,100
2025-08-12 19:23:32,Clouds,23.75,91
2025-08-12 19:36:15,Clouds,24.76,100
2025-08-12 19:46:23,Rain,24.76,100
2025-08-12 19:56:30,Rain,24.76,100
2025-08-12 20:25:18,Thunderstorm,23.76,100
2025-08-12 20:43:33,Thunderstorm,23.76,100
2025-08-12 20:55:02,Thunderstorm,23.76,100
2025-08-12 21:17:39,Thunderstorm,23.76,100
2025-08-12 21:34:53,Rain,23.76,100
2025-08-12 21:46:21,Rain,23.76,100
2025-08-12 21:56:22,Rain,23.76,100
2025-08-12 22:20:08,Rain,23.76,100
2025-08-12 22:39:42,Rain,23.76,100
2025-08-12 22:51:16,Rain,23.76,100
2025-08-12 23:09:52,Rain,23.76,100
2025-08-12 23:30:25,Rain,24.76,100
2025-08-12 23:44:15,Rain,24.76,100
2025-08-12 23:54:14,Rain,24.76,100
2025-08-13 01:20:05,Mist,22.78,100
2025-08-13 02:58:22,Rain,23.76,100
2025-08-13 03:54:03,Clouds,23.76,100
2025-08-13 04:26:52,Rain,27.76,100
2025-08-13 04:52:37,Rain,27.76,100
2025-08-13 05:14:49,Rain,26.59,92
2025-08-13 05:39:51,Rain,27.76,100
2025-08-13 05:52:22,Rain,27.76,100
2025-08-13 06:19:21,Rain,26.78,89
2025-08-13 06:49:31,Rain,26.76,100
2025-08-13 07:10:42,Rain,26.76,100
2025-08-13 07:32:44,Rain,26.76,100
2025-08-13 07:46:25,Rain,26.76,100
2025-08-13 07:56:13,Rain,26.76,100
2025-08-13 08:29:40,Rain,27.76,100
2025-08-13 08:53:59,Rain,26.76,100
2025-08-13 09:18:47,Rain,25.76,100
2025-08-13 09:40:23,Rain,25.76,100
2025-08-13 09:52:41,Rain,25.76,100
2025-08-13 10:14:29,Rain,25.76,100
2025-08-13 10:41:37,Rain,23.76,100
2025-08-13 10:54:04,Rain,23.76,100
2025-08-13 11:14:57,Rain,23.76,100
2025-08-13 11:31:38,Rain,24.76,100
2025-08-13 11:44:55,Rain,24.76,100
2025-08-13 11:55:05,Rain,24.76,100
2025-08-13 12:39:43,Mist,23.76,100
2025-08-13 13:23:21,Clouds,23.76,100
2025-08-13 13:51:22,Clouds,23.76,100
2025-08-13 14:11:23,Clouds,23.76,100
2025-08-13 14:38:33,Clouds,24.76,100
2025-08-13 14:54:04,Clouds,24.76,100
2025-08-13 15:14:18,Clouds,24.76,100
2025-08-13 15:32:38,Clouds,24.76,100
2025-08-13 15:43:24,Clouds,24.76,100
2025-08-13 15:53:31,Clouds,24.76,100
2025-08-13 16:15:36,Clouds,24.76,100
2025-08-13 16:40:41,Clouds,24.76,100
2025-08-13 16:53:09,Clouds,24.76,100
2025-08-13 17:11:38,Rain,24.76,100
2025-08-13 17:29:54,Rain,24.76,100
2025-08-13 17:42:33,Clouds,24.76,100
2025-08-13 17:52:24,Rain,24.76,100
2025-08-13 18:17:30,Rain,24.76,100
2025-08-13 18:46:34,Rain,24.76,100
2025-08-13 18:59:42,Rain,23.76,100
2025-08-13 19:22:25,Rain,23.76,100
2025-08-13 19:35:19,Rain,23.76,100
2025-08-13 19:45:08,Rain,23.76,100
2025-08-13 19:55:00,Rain,23.76,100
2025-08-13 20:20:12,Rain,23.76,100
2025-08-13 20:39:17,Rain,23.76,100
2025-08-13 20:51:50,Rain,23.76,100
2025-08-13 21:10:10,Rain,23.76,100
2025-08-13 21:30:08,Rain,23.76,100
2025-08-13 21:44:01,Rain,23.76,100
2025-08-13 21:54:07,Rain,23.76,100
2025-08-13 22:16:12,Rain,23.76,100
2025-08-13 22:35:37,Rain,23.76,100
2025-08-13 22:47:51,Rain,23.76,100
2025-08-13 22:57:54,Rain,23.76,100
2025-08-13 23:24:24,Rain,23.76,100
2025-08-13 23:39:16,Rain,24.76,94
2025-08-13 23:49:41,Rain,24.76,94
2025-08-13 23:59:41,Rain,24.76,94
2025-08-14 02:18:44,Rain,25.95,97
2025-08-14 03:36:17,Clouds,26.76,100
2025-08-14 04:06:01,Clouds,26.76,100
2025-08-14 04:41:12,Clouds,26.76,100
2025-08-14 04:57:40,Clouds,26.76,100
2025-08-14 05:25:41,Clouds,30.56,83
2025-08-14 05:44:52,Clouds,25.76,100
2025-08-14 05:55:12,Clouds,25.76,100
2025-08-14 06:29:43,Clouds,26.76,100
2025-08-14 06:55:49,Clouds,26.76,100
2025-08-14 07:20:56,Clouds,27.76,94
2025-08-14 07:38:15,Clouds,27.76,94
2025-08-14 07:49:52,Clouds,27.76,94
2025-08-14 07:59:41,Clouds,27.76,94
2025-08-14 08:38:01,Clouds,26.76,94
2025-08-14 08:57:33,Clouds,26.76,94
2025-08-14 09:28:52,Clouds,26.76,94
2025-08-14 09:47:14,Clouds,26.76,94
2025-08-14 09:57:05,Clouds,26.76,94
2025-08-14 10:26:39,Clouds,25.76,100
2025-08-14 10:48:11,Clouds,25.76,100
2025-08-14 10:58:14,Clouds,25.76,100
2025-08-14 11:23:21,Clouds,25.24,94
2025-08-14 11:38:00,Clouds,24.76,100
2025-08-14 11:48:35,Clouds,24.76,100
2025-08-14 11:58:35,Clouds,24.76,100
2025-08-14 12:58:48,Clouds,24.76,100
2025-08-14 13:40:06,Clouds,24.76,100
2025-08-14 13:56:18,Clouds,24.76,100
2025-08-14 14:21:07,Clouds,24.64,97
2025-08-14 14:42:23,Clouds,24.76,100
2025-08-14 14:54:54,Clouds,24.76,100
2025-08-14 15:19:55,Clouds,24.76,100
2025-08-14 15:40:12,Clouds,24.76,100
2025-08-14 15:53:21,Clouds,24.76,100
2025-08-14 16:19:25,Clouds,24.38,97
2025-08-14 16:45:48,Clouds,24.76,100
2025-08-14 16:59:07,Clouds,24.76,100
2025-08-14 17:25:20,Clouds,24.1,97
2025-08-14 17:42:30,Clouds,23.76,100
2025-08-14 17:52:51,Clouds,23.76,100
2025-08-14 18:19:32,Clouds,23.89,95
2025-08-14 18:48:53,Clouds,23.76,100
2025-08-14 19:01:26,Clouds,23.76,100
2025-08-14 19:22:53,Clouds,23.76,100
2025-08-14 19:34:00,Clouds,23.76,100
2025-08-14 19:43:59,Clouds,23.76,100
2025-08-14 19:53:36,Clouds,23.76,100
2025-08-14 20:17:30,Clouds,23.88,99
2025-08-14 20:39:09,Clouds,22.76,100
2025-08-14 20:52:28,Clouds,22.76,100
2025-08-14 21:11:56,Clouds,22.76,100
2025-08-14 21:31:15,Clouds,23.76,100
2025-08-14 21:44:24,Clouds,23.76,100
2025-08-14 21:54:17,Clouds,23.76,100
2025-08-14 22:15:55,Clouds,23.76,100
2025-08-14 22:38:21,Clouds,24.76,100
2025-08-14 22:50:40,Clouds,24.76,100
2025-08-14 23:08:32,Clouds,24.76,100
2025-08-14 23:29:36,Clouds,26.76,100
2025-08-14 23:43:31,Clouds,26.76,100
2025-08-14 23:53:14,Clouds,26.76,100
2025-08-15 01:10:47,Clouds,28.76,84
2025-08-15 02:59:10,Clouds,24.76,100
2025-08-15 03:55:52,Clouds,25.76,94
2025-08-15 04:31:07,Clouds,25.76,100
2025-08-15 04:53:55,Clouds,25.76,100
2025-08-15 05:17:01,Clouds,25.76,100
2025-08-15 05:40:18,Clouds,28.76,84
2025-08-15 05:52:14,Clouds,28.76,84
2025-08-15 06:18:47,Clouds,31.9,70
2025-08-15 06:49:03,Clouds,29.76,84
2025-08-15 07:01:04,Clouds,29.76,84
2025-08-15 07:27:44,Clouds,30.76,79
2025-08-15 07:41:40,Clouds,30.76,79
2025-08-15 07:51:42,Clouds,30.76,79
2025-08-15 08:15:07,Clouds,30.49,70
2025-08-15 08:43:15,Clouds,30.76,79
2025-08-15 08:58:00,Clouds,30.76,79
2025-08-15 09:27:27,Clouds,29.56,72
2025-08-15 09:43:34,Clouds,29.76,79
2025-08-15 09:53:26,Clouds,29.76,79
2025-08-15 10:15:30,Clouds,28.35,78
2025-08-15 10:41:07,Clouds,27.76,100
2025-08-15 10:53:06,Clouds,27.76,100
2025-08-15 11:12:04,Clear,27.46,88
2025-08-15 11:28:33,Clear,27.46,88
2025-08-15 11:41:52,Clouds,26.76,100
2025-08-15 11:51:54,Clouds,26.76,100
2025-08-15 12:21:12,Clouds,27.17,87
2025-08-15 13:03:32,Clouds,25.76,100
2025-08-15 13:37:42,Clouds,25.76,100
2025-08-15 13:51:25,Clouds,25.76,100
2025-08-15 14:10:26,Clouds,25.76,100
2025-08-15 14:34:32,Clouds,25.76,100
2025-08-15 14:49:30,Clouds,25.76,100
2025-08-15 14:59:16,Clouds,25.76,100
2025-08-15 15:28:40,Clouds,24.76,100
2025-08-15 15:44:31,Clouds,24.76,100
2025-08-15 15:54:38,Clouds,24.76,100
2025-08-15 16:21:33,Clouds,24.76,100
2025-08-15 16:45:36,Clouds,24.76,100
2025-08-15 16:58:16,Clouds,24.76,100
2025-08-15 17:23:37,Clouds,24.71,95
2025-08-15 17:40:22,Clouds,24.76,100
2025-08-15 17:50:18,Clouds,24.76,100
2025-08-15 18:00:04,Clouds,24.76,100
2025-08-15 18:39:57,Clouds,24.76,100
2025-08-15 18:56:49,Clouds,24.76,100
2025-08-15 19:17:46,Clouds,24.87,98
2025-08-15 19:30:06,Clouds,24.76,100
2025-08-15 19:41:36,Clouds,24.76,100
2025-08-15 19:51:46,Clouds,24.76,100
2025-08-15 20:11:54,Clouds,24.76,100
2025-08-15 20:33:45,Clouds,24.76,100
2025-08-15 20:48:00,Clouds,24.76,100
2025-08-15 20:57:52,Clouds,24.76,100
2025-08-15 21:21:21,Clouds,25.05,99
2025-08-15 21:34:19,Clouds,24.76,100
2025-08-15 21:44:49,Clouds,24.76,100
2025-08-15 21:54:50,Clouds,24.76,100
2025-08-15 22:17:02,Clouds,25.17,98
2025-08-15 22:39:08,Clouds,25.76,100
2025-08-15 22:50:50,Clouds,25.76,100
2025-08-15 23:08:39,Clouds,25.76,100
2025-08-15 23:29:21,Clouds,27.76,100
2025-08-15 23:43:29,Clouds,27.76,100
2025-08-15 23:53:20,Clouds,27.76,100
2025-08-16 01:07:45,Clouds,29.76,79
2025-08-16 02:50:48,Clouds,30.76,70
2025-08-16 03:38:47,Clouds,30.76,70
2025-08-16 04:01:27,Clouds,30.76,70
2025-08-16 04:34:44,Clouds,31.76,66
2025-08-16 04:50:52,Clouds,31.76,66
2025-08-16 05:08:45,Clouds,31.76,66
2025-08-16 05:32:21,Clouds,31.76,62
2025-08-16 05:45:58,Clouds,31.76,62
2025-08-16 05:55:42,Clouds,31.76,62
2025-08-16 06:50:28,Clouds,31.76,62
2025-08-16 07:00:15,Clouds,31.76,62
2025-08-16 07:24:49,Clouds,31.76,66
2025-08-16 07:37:28,Clouds,31.76,66
2025-08-16 07:47:31,Clouds,31.76,66
2025-08-16 07:57:16,Clouds,31.76,66
2025-08-16 08:29:17,Clouds,30.76,70
2025-08-16 08:48:29,Clouds,30.76,70
2025-08-16 08:58:10,Clouds,30.76,70
2025-08-16 09:25:34,Clouds,29.76,74
2025-08-16 09:39:46,Clouds,29.76,74
2025-08-16 09:49:34,Clouds,29.76,74
2025-08-16 09:59:30,Clouds,29.76,74
2025-08-16 10:27:03,Clouds,28.76,89
2025-08-16 10:42:54,Clouds,28.76,89
2025-08-16 10:52:59,Clouds,28.76,89
2025-08-16 11:10:23,Clouds,27.63,83
2025-08-16 11:26:01,Clouds,26.76,94
2025-08-16 11:37:53,Clouds,26.76,94
2025-08-16 11:48:07,Clouds,26.76,94
2025-08-16 11:58:20,Clouds,26.76,94
2025-08-16 12:49:47,Clouds,26.76,100
2025-08-16 13:18:16,Clouds,26.43,90
2025-08-16 13:39:27,Clouds,26.76,100
2025-08-16 13:49:36,Clouds,26.76,100
2025-08-16 13:59:14,Clouds,26.76,100
2025-08-16 14:23:57,Clouds,25.76,100
2025-08-16 14:39:22,Clouds,25.76,100
2025-08-16 14:49:29,Clouds,25.76,100
2025-08-16 14:59:24,Clouds,25.76,100
2025-08-16 15:25:47,Clouds,25.16,92
2025-08-16 15:39:32,Clouds,24.76,100
2025-08-16 15:49:41,Clouds,24.76,100
2025-08-16 15:59:27,Clouds,24.76,100
2025-08-16 16:31:17,Clouds,25.76,100
2025-08-16 16:58:19,Clouds,25.76,100
2025-08-16 17:20:55,Clouds,25.76,100
2025-08-16 17:35:19,Clouds,25.76,100
2025-08-16 17:44:54,Clouds,25.76,100
2025-08-16 17:55:06,Clouds,25.76,100
2025-08-16 18:23:36,Clouds,24.76,100
2025-08-16 18:45:45,Clouds,24.76,100
2025-08-16 18:56:07,Clouds,24.76,100
2025-08-16 19:15:55,Clouds,24.76,100
2025-08-16 19:28:17,Clouds,24.76,100
2025-08-16 19:39:44,Clouds,24.76,100
2025-08-16 19:49:31,Clouds,24.76,100
2025-08-16 19:59:25,Clouds,24.76,100
2025-08-16 20:27:29,Clouds,24.76,100
2025-08-16 20:42:30,Clouds,24.76,100
2025-08-16 20:52:30,Clouds,24.76,100
2025-08-16 21:11:04,Clouds,24.66,97
2025-08-16 21:28:49,Clouds,24.76,100
2025-08-16 21:41:28,Clouds,24.76,100
2025-08-16 21:51:26,Clouds,24.76,100
2025-08-16 22:08:29,Clouds,24.76,100
2025-08-16 22:31:50,Clouds,25.76,100
2025-08-16 22:45:20,Clouds,25.76,100
2025-08-16 22:55:00,Clouds,25.76,100
2025-08-16 23:16:17,Clouds,25.87,95
2025-08-16 23:31:39,Clouds,26.76,100
2025-08-16 23:43:47,Clouds,26.76,100
2025-08-16 23:53:34,Clouds,26.76,100
2025-08-17 01:18:58,Clouds,28.46,84
2025-08-17 03:06:54,Clouds,29.76,74
2025-08-17 04:00:43,Clouds,30.76,70
2025-08-17 04:39:38,Clouds,30.76,62
2025-08-17 04:57:25,Clouds,30.76,62
2025-08-17 05:23:49,Clouds,31.76,62
2025-08-17 05:41:48,Clouds,31.76,62
2025-08-17 05:51:41,Clouds,31.76,62
2025-08-17 06:15:01,Clouds,31.76,62
2025-08-17 06:45:44,Clouds,29.76,74
2025-08-17 06:58:38,Clouds,29.76,74
2025-08-17 07:24:42,Clouds,31.48,64
2025-08-17 07:37:39,Clouds,30.76,66
2025-08-17 07:47:40,Clouds,30.76,66
2025-08-17 07:57:45,Clouds,30.76,66
2025-08-17 08:31:26,Clouds,29.76,70
2025-08-17 08:49:20,Clouds,29.76,70
2025-08-17 08:59:05,Clouds,29.76,70
2025-08-17 09:26:19,Clouds,30.4,71
2025-08-17 09:40:58,Clouds,29.76,70
2025-08-17 09:51:06,Clouds,29.76,70
2025-08-17 10:08:56,Clouds,29.76,70
2025-08-17 10:34:05,Clouds,28.76,84
2025-08-17 10:47:47,Clouds,28.76,84
2025-08-17 10:57:45,Clouds,28.76,84
2025-08-17 11:19:06,Clouds,28.28,81
2025-08-17 11:30:18,Clouds,27.76,94
2025-08-17 11:41:39,Clouds,27.76,94
2025-08-17 11:51:44,Clouds,27.76,94
2025-08-17 12:18:58,Clouds,27.83,83
2025-08-17 13:00:29,Clouds,26.76,100
2025-08-17 13:33:50,Clouds,26.76,100
2025-08-17 13:47:43,Clouds,26.76,100
2025-08-17 13:57:52,Clouds,26.76,100
2025-08-17 14:22:02,Clouds,26.76,100
2025-08-17 14:39:01,Clouds,26.76,100
2025-08-17 14:49:48,Clouds,26.76,100
2025-08-17 14:59:33,Clouds,26.76,100
2025-08-17 15:25:57,Clouds,26.76,100
2025-08-17 15:40:06,Clouds,26.76,100
2025-08-17 15:50:11,Clouds,26.76,100
2025-08-17 16:00:03,Clouds,26.76,100
2025-08-17 16:32:38,Clouds,26.76,100
2025-08-17 16:50:00,Clouds,26.76,100
2025-08-17 16:59:44,Clouds,26.76,100
2025-08-17 17:23:54,Clouds,26.76,100
2025-08-17 17:39:23,Rain,26.76,100
2025-08-17 17:49:26,Clouds,26.76,100
2025-08-17 17:59:20,Clouds,26.76,100
2025-08-17 18:36:42,Clouds,26.76,100
2025-08-17 18:53:12,Clouds,26.76,100
2025-08-17 19:10:35,Clouds,26.76,100
2025-08-17 19:25:54,Clouds,26.76,100
2025-08-17 19:37:27,Clouds,26.76,100
2025-08-17 19:47:24,Clouds,26.76,100
2025-08-17 19:57:29,Rain,26.76,100
2025-08-17 20:26:13,Rain,26.76,100
2025-08-17 20:42:25,Rain,26.76,100
2025-08-17 20:52:38,Clouds,26.76,100
2025-08-17 21:11:11,Clouds,25.65,97
2025-08-17 21:29:30,Clouds,26.76,100
2025-08-17 21:43:01,Clouds,26.76,100
2025-08-17 21:53:04,Clouds,26.76,100
2025-08-17 22:12:54,Clouds,26.76,100
2025-08-17 22:35:32,Clouds,26.76,100
2025-08-17 22:48:28,Clouds,26.76,100
2025-08-17 22:58:07,Clouds,26.76,100
2025-08-17 23:24:06,Clouds,26.49,93
2025-08-17 23:38:51,Clouds,26.76,100
2025-08-17 23:49:34,Clouds,26.76,100
2025-08-17 23:59:32,Clouds,26.76,100
2025-08-18 02:25:30,Clouds,28.94,80
2025-08-18 03:48:29,Clouds,30.76,70
2025-08-18 04:27:09,Clouds,30.76,70
2025-08-18 04:57:21,Clouds,30.76,70
2025-08-18 05:27:56,Clouds,31.76,62
2025-08-18 05:48:07,Clouds,31.76,62
2025-08-18 05:58:09,Clouds,31.76,62
2025-08-18 06:42:17,Clouds,32.76,58
2025-08-18 07:01:22,Clouds,32.76,58
2025-08-18 07:30:42,Clouds,31.76,62
2025-08-18 07:45:39,Clouds,31.76,62
2025-08-18 07:55:32,Clouds,31.76,62
2025-08-18 08:29:08,Clouds,29.76,70
2025-08-18 08:53:59,Clouds,29.76,70
2025-08-18 09:21:26,Clear,30.3,70
2025-08-18 09:43:34,Clouds,29.76,79
2025-08-18 09:55:40,Clouds,29.76,79
2025-08-18 10:23:15,Rain,29.18,75
2025-08-18 10:46:02,Rain,27.76,94
2025-08-18 10:56:40,Rain,27.76,94
2025-08-18 11:20:03,Rain,29.78,70
2025-08-18 11:34:47,Rain,27.76,100
2025-08-18 11:46:33,Rain,27.76,100
2025-08-18 11:56:36,Rain,27.76,100
2025-08-18 12:49:33,Rain,27.76,100
2025-08-18 13:27:41,Rain,26.76,100
2025-08-18 13:54:11,Rain,26.76,100
2025-08-18 14:17:36,Rain,27.78,89
2025-08-18 14:42:41,Clouds,26.76,100
2025-08-18 14:56:03,Clouds,26.76,100
2025-08-18 15:23:43,Clouds,26.76,100
2025-08-18 15:42:57,Clouds,26.76,100
2025-08-18 15:54:46,Clouds,26.76,100
2025-08-18 16:23:24,Clouds,26.76,100
2025-08-18 16:49:14,Clouds,26.76,100
2025-08-18 17:09:22,Clouds,26.76,100
2025-08-18 17:34:18,Clouds,26.76,100
2025-08-18 17:48:57,Clouds,26.76,100
2025-08-18 17:58:55,Clouds,26.76,100
2025-08-18 18:40:25,Clouds,26.76,100
2025-08-18 18:58:27,Clouds,26.76,100
2025-08-18 19:22:18,Clouds,26.76,100
2025-08-18 19:35:28,Clouds,26.76,100
2025-08-18 19:45:26,Clouds,26.76,100
2025-08-18 19:55:34,Clouds,26.76,100
2025-08-18 20:20:04,Clouds,26.76,100
2025-08-18 20:38:12,Clouds,26.76,100
2025-08-18 20:49:26,Clouds,26.76,100
2025-08-18 20:59:11,Clouds,26.76,100
2025-08-18 21:23:39,Clouds,25.76,100
2025-08-18 21:36:57,Clouds,25.76,100
2025-08-18 21:47:00,Clouds,25.76,100
2025-08-18 21:56:41,Clouds,25.76,100
2025-08-18 22:18:46,Clouds,25.76,100
2025-08-18 22:36:28,Clouds,26.76,100
2025-08-18 22:47:11,Clouds,26.76,100
2025-08-18 22:57:16,Clouds,26.76,100
2025-08-18 23:21:24,Clouds,26.87,95
2025-08-18 23:34:40,Clouds,27.76,100
2025-08-18 23:45:09,Clouds,27.76,100
2025-08-18 23:55:11,Clouds,27.76,100
2025-08-19 01:24:56,Clouds,29.76,84
2025-08-19 02:54:51,Clouds,30.76,79
2025-08-19 03:40:24,Clouds,31.76,70
2025-08-19 03:59:18,Clouds,31.76,70
2025-08-19 04:31:32,Clouds,30.76,74
2025-08-19 04:47:40,Clouds,30.76,74
2025-08-19 04:57:41,Clouds,30.76,74
2025-08-19 05:23:46,Clouds,31.76,66
2025-08-19 05:40:27,Clouds,31.76,66
2025-08-19 05:50:31,Clouds,31.76,66
2025-08-19 06:00:37,Clouds,31.76,66
2025-08-19 06:40:19,Clouds,29.76,79
2025-08-19 06:55:50,Clouds,29.76,79
2025-08-19 07:18:51,Clouds,29.76,79
2025-08-19 07:34:17,Clouds,29.76,79
2025-08-19 07:45:04,Clouds,29.76,79
2025-08-19 07:54:59,Clouds,29.76,79
2025-08-19 08:23:57,Clouds,30.76,74
2025-08-19 08:47:01,Clouds,30.76,74
2025-08-19 08:58:57,Clouds,30.76,74
2025-08-19 09:28:19,Clouds,29.76,79
2025-08-19 09:43:58,Clouds,29.76,79
2025-08-19 09:54:05,Clouds,29.76,79
2025-08-19 10:17:12,Clouds,29.71,72
2025-08-19 10:40:43,Clouds,28.76,89
2025-08-19 10:52:26,Clouds,28.76,89
2025-08-19 11:10:14,Clouds,28.93,78
2025-08-19 11:27:10,Clouds,27.76,89
2025-08-19 11:40:04,Clouds,27.76,89
2025-08-19 11:50:07,Clouds,27.76,89
2025-08-19 12:00:27,Clouds,27.76,89
2025-08-19 12:54:04,Clouds,27.76,94
2025-08-19 13:27:07,Clouds,27.76,100
2025-08-19 13:47:14,Clouds,27.76,100
2025-08-19 13:57:20,Clouds,27.76,100
2025-08-19 14:23:18,Clouds,26.72,90
2025-08-19 14:42:31,Clouds,26.76,100
2025-08-19 14:53:26,Clouds,26.76,100
2025-08-19 15:15:41,Clouds,26.6,91
2025-08-19 15:35:57,Clouds,26.76,100
2025-08-19 15:48:24,Clouds,26.76,100
2025-08-19 15:58:29,Clouds,26.76,100
2025-08-19 16:32:40,Clouds,26.76,100
2025-08-19 16:50:55,Clouds,26.76,100
2025-08-19 17:07:50,Clouds,26.76,100
2025-08-19 17:30:16,Clouds,26.76,100
2025-08-19 17:43:53,Clouds,26.76,100
2025-08-19 17:54:06,Clouds,26.76,100
2025-08-19 18:21:19,Clouds,25.99,95
2025-08-19 18:45:23,Clouds,26.76,100
2025-08-19 18:56:44,Clouds,26.76,100
2025-08-19 19:17:21,Clouds,25.54,97
2025-08-19 19:28:40,Clouds,25.54,97
2025-08-19 19:40:22,Clouds,25.76,100
2025-08-19 19:50:34,Clouds,25.76,100
2025-08-19 20:00:45,Clouds,25.76,100
2025-08-19 20:28:36,Clouds,25.76,100
2025-08-19 20:43:10,Clouds,25.76,100
2025-08-19 20:52:58,Clouds,25.76,100
2025-08-19 21:12:34,Clouds,25.1,95
2025-08-19 21:29:50,Clouds,25.76,100
2025-08-19 21:41:50,Clouds,25.76,100
2025-08-19 21:51:38,Clouds,25.76,100
2025-08-19 22:09:59,Clouds,26.21,95
2025-08-19 22:32:11,Clouds,27.76,100
2025-08-19 22:45:23,Clouds,27.76,100
2025-08-19 22:55:07,Clouds,27.76,100
2025-08-19 23:16:25,Clouds,27.76,100
2025-08-19 23:31:16,Clouds,27.76,100
2025-08-19 23:43:10,Clouds,27.76,100
2025-08-19 23:53:10,Clouds,27.76,100
2025-08-20 01:04:27,Clouds,29.76,84
2025-08-20 02:45:04,Clouds,30.76,74
2025-08-20 03:32:30,Clouds,31.76,66
2025-08-20 03:55:32,Clouds,31.76,66
2025-08-20 04:23:09,Clouds,31.76,66
2025-08-20 04:43:08,Clouds,31.76,66
2025-08-20 04:54:29,Clouds,31.76,66
2025-08-20 05:16:47,Clouds,31.76,62
2025-08-20 05:37:40,Clouds,31.76,62
2025-08-20 05:48:22,Clouds,31.76,62
2025-08-20 05:58:01,Clouds,31.76,62
2025-08-20 06:37:42,Clouds,31.76,62
2025-08-20 06:56:15,Clouds,31.76,62
2025-08-20 07:20:00,Clouds,31.78,62
2025-08-20 07:35:47,Clouds,30.76,70
2025-08-20 07:46:58,Clouds,30.76,70
2025-08-20 07:56:54,Clouds,30.76,70
2025-08-20 08:29:45,Clouds,29.76,79
2025-08-20 08:48:43,Clouds,29.76,79
2025-08-20 08:58:41,Clouds,29.76,79
2025-08-20 09:28:45,Clouds,28.76,84
2025-08-20 09:44:05,Clouds,28.76,84
2025-08-20 09:53:52,Clouds,28.76,84
2025-08-20 10:16:15,Clouds,29.77,69
2025-08-20 10:40:14,Clouds,28.76,89
2025-08-20 10:51:45,Clouds,28.76,89
2025-08-20 11:09:19,Clouds,28.76,89
2025-08-20 11:26:32,Clouds,27.76,94
2025-08-20 11:39:26,Clouds,27.76,94
2025-08-20 11:49:28,Clouds,27.76,94
2025-08-20 11:59:12,Clouds,27.76,94
2025-08-20 12:55:21,Clouds,27.76,100
2025-08-20 13:29:38,Clouds,27.76,100
2025-08-20 13:48:39,Clouds,27.76,100
2025-08-20 13:58:30,Clouds,27.76,100
2025-08-20 14:27:10,Clouds,27.76,100
2025-08-20 14:45:39,Clouds,27.76,100
2025-08-20 14:55:49,Clouds,27.76,100
2025-08-20 15:20:49,Clouds,26.63,81
2025-08-20 15:39:34,Clouds,27.76,100
2025-08-20 15:50:00,Clouds,27.76,100
2025-08-20 15:59:48,Clouds,27.76,100
2025-08-20 16:32:51,Clouds,26.76,100
2025-08-20 16:50:31,Clouds,26.76,100
2025-08-20 17:00:30,Clouds,26.76,100
2025-08-20 17:24:52,Clouds,25.94,84
2025-08-20 17:39:37,Clouds,26.76,100
2025-08-20 17:49:44,Clouds,26.76,100
2025-08-20 17:59:29,Clouds,26.76,100
2025-08-20 18:37:58,Clouds,26.76,100
2025-08-20 18:54:51,Clouds,26.76,100
2025-08-20 19:13:29,Clouds,25.39,87
2025-08-20 19:27:38,Clouds,25.76,100
2025-08-20 19:39:24,Clouds,25.76,100
2025-08-20 19:49:30,Clouds,25.76,100
2025-08-20 19:59:26,Clouds,25.76,100
2025-08-20 20:29:42,Clouds,25.76,100
2025-08-20 20:44:45,Clouds,25.76,100
2025-08-20 20:54:58,Clouds,25.76,100
2025-08-20 21:16:08,Clouds,26.77,94
2025-08-20 21:32:00,Clouds,26.76,100
2025-08-20 21:43:28,Clouds,26.76,100
2025-08-20 21:53:25,Clouds,26.76,100
2025-08-20 22:12:25,Clouds,26.83,95
2025-08-20 22:32:30,Clouds,27.76,100
2025-08-20 22:44:30,Clouds,27.76,100
2025-08-20 22:54:43,Clouds,27.76,100
2025-08-20 23:15:26,Clouds,27.87,92
2025-08-20 23:30:48,Clouds,28.76,94
2025-08-20 23:42:29,Clouds,28.76,94
2025-08-20 23:52:27,Clouds,28.76,94
2025-08-21 00:56:42,Clouds,29.76,89
2025-08-21 02:39:31,Clouds,31.76,66
2025-08-21 03:30:24,Clouds,31.76,62
2025-08-21 03:54:52,Clouds,31.76,62
2025-08-21 04:20:51,Clouds,33.43,58
2025-08-21 04:41:37,Clouds,33.76,55
2025-08-21 04:52:48,Clouds,33.76,55
2025-08-21 05:13:40,Clouds,33.59,55
2025-08-21 05:35:22,Clouds,32.76,58
2025-08-21 05:47:17,Clouds,32.76,58
2025-08-21 05:57:03,Clouds,32.76,58
2025-08-21 06:42:33,Clouds,32.76,52
2025-08-21 07:02:27,Clouds,32.76,52
2025-08-21 07:28:46,Clouds,31.76,70
2025-08-21 07:42:03,Clouds,31.76,70
2025-08-21 07:52:20,Clouds,31.76,70
2025-08-21 08:16:23,Clouds,31.98,60
2025-08-21 08:42:21,Clouds,31.76,66
2025-08-21 08:56:10,Clouds,31.76,66
2025-08-21 09:22:25,Clouds,30.45,65
2025-08-21 09:39:28,Clear,29.76,74
2025-08-21 09:49:58,Clear,29.76,74
2025-08-21 09:59:54,Clear,29.76,74
2025-08-21 10:29:19,Clear,28.76,84
2025-08-21 10:46:28,Clear,28.76,84
2025-08-21 10:56:31,Clear,28.76,84
2025-08-21 11:18:25,Clouds,29.24,73
2025-08-21 11:30:49,Clear,27.76,89
2025-08-21 11:42:38,Clear,27.76,89
2025-08-21 11:52:34,Clear,27.76,89
2025-08-21 12:24:56,Clear,26.76,100
2025-08-21 13:05:12,Clear,26.76,100
2025-08-21 13:38:01,Clear,26.76,100
2025-08-21 13:51:51,Clear,26.76,100
2025-08-21 14:10:57,Clear,26.76,100
2025-08-21 14:34:55,Clear,25.76,100
2025-08-21 14:49:36,Clear,25.76,100
2025-08-21 14:59:37,Clear,25.76,100
2025-08-21 15:28:40,Clear,25.76,100
2025-08-21 15:49:12,Clear,25.76,100
2025-08-21 15:54:20,Clear,25.76,100
2025-08-21 16:19:37,Clear,25.76,100
2025-08-21 16:43:43,Clear,25.76,100
2025-08-21 17:02:21,Clear,25.76,100
2025-08-21 17:30:35,Clear,24.76,100
2025-08-21 17:37:39,Clear,24.76,100
2025-08-21 17:48:05,Clear,24.76,100
2025-08-21 17:58:01,Clear,24.76,100
2025-08-21 18:34:01,Clear,24.76,100
2025-08-21 18:51:58,Clear,24.76,100
2025-08-21 19:08:33,Clear,24.76,100
2025-08-21 19:24:41,Clouds,25.79,92
2025-08-21 19:36:25,Clear,24.76,100
2025-08-21 19:46:32,Clear,24.76,100
2025-08-21 19:56:20,Clear,24.76,100
2025-08-21 20:22:27,Clouds,25.96,94
2025-08-21 20:39:13,Clouds,24.76,100
2025-08-21 20:50:07,Clouds,24.76,100
2025-08-21 20:59:55,Clouds,24.76,100
2025-08-21 21:24:15,Clouds,24.76,100
2025-08-21 21:37:03,Clouds,24.76,100
2025-08-21 21:46:43,Clouds,24.76,100
2025-08-21 21:56:30,Clouds,24.76,100
2025-08-21 22:20:45,Clouds,26.76,100
2025-08-21 22:38:46,Clouds,26.76,100
2025-08-21 22:49:09,Clouds,26.76,100
2025-08-21 22:58:42,Clouds,26.76,100
2025-08-21 23:24:07,Clouds,28.76,89
2025-08-21 23:37:20,Clouds,28.76,89
2025-08-21 23:47:29,Clouds,28.76,89
2025-08-21 23:57:14,Clouds,28.76,89
2025-08-22 01:50:20,Clouds,30.76,70
2025-08-22 03:01:47,Clouds,30.76,66
2025-08-22 03:44:46,Clouds,32.76,58
2025-08-22 03:58:46,Clouds,32.76,58
2025-08-22 04:30:22,Clouds,32.76,58
2025-08-22 04:46:23,Clouds,32.76,58
2025-08-22 04:56:28,Clouds,32.76,58
2025-08-22 05:20:56,Clear,32.9,56
2025-08-22 05:38:42,Clouds,32.76,58
2025-08-22 05:49:07,Clouds,32.76,58
2025-08-22 05:58:50,Clouds,32.76,58
2025-08-22 06:38:51,Clouds,32.76,58
2025-08-22 07:06:18,Clouds,32.76,58
2025-08-22 07:17:28,Clouds,34.17,52
2025-08-22 07:31:27,Clouds,32.76,58
2025-08-22 07:42:59,Clouds,32.76,58
2025-08-22 07:52:45,Clouds,32.76,58
2025-08-22 08:17:28,Clouds,32.55,52
2025-08-22 08:42:06,Clouds,30.76,74
2025-08-22 08:55:33,Clouds,30.76,74
2025-08-22 09:20:20,Clouds,29.76,79
2025-08-22 09:37:44,Clouds,29.76,79
2025-08-22 09:48:19,Clouds,29.76,79
2025-08-22 09:58:27,Clouds,29.76,79
2025-08-22 10:27:26,Clouds,28.76,89
2025-08-22 10:44:46,Clouds,28.76,89
2025-08-22 10:54:44,Clouds,28.76,89
2025-08-22 11:13:54,Clouds,28.76,89
2025-08-22 11:28:28,Clouds,27.76,100
2025-08-22 11:40:28,Clouds,27.76,100
2025-08-22 11:50:30,Clouds,27.76,100
2025-08-22 12:00:24,Clouds,27.76,100
2025-08-22 12:53:49,Clouds,26.76,100
2025-08-22 13:25:12,Clouds,26.76,100
2025-08-22 13:44:24,Clouds,26.76,100
2025-08-22 13:54:14,Clouds,26.76,100
2025-08-22 14:15:27,Clear,26.28,88
2025-08-22 14:36:43,Clouds,26.76,100
2025-08-22 14:48:35,Clouds,26.76,100
2025-08-22 14:58:36,Clouds,26.76,100
2025-08-22 15:26:05,Clear,26.53,91
2025-08-22 15:40:00,Clouds,26.76,94
2025-08-22 15:49:54,Clouds,26.76,94
2025-08-22 15:59:48,Clouds,26.76,94
2025-08-22 16:32:24,Clouds,25.76,100
2025-08-22 16:49:49,Clouds,25.76,100
2025-08-22 16:59:53,Clouds,25.76,100
2025-08-22 17:24:41,Clouds,25.76,100
2025-08-22 17:39:35,Clouds,25.76,100
2025-08-22 17:49:44,Clouds,25.76,100
2025-08-22 17:59:33,Clouds,25.76,100
2025-08-22 18:36:44,Clouds,26.76,100
2025-08-22 18:52:41,Clouds,26.76,100
2025-08-22 19:10:03,Clouds,26.76,100
2025-08-22 19:25:14,Clouds,25.26,93
2025-08-22 19:36:30,Clouds,25.76,100
2025-08-22 19:46:39,Clouds,25.76,100
2025-08-22 19:56:33,Clouds,25.76,100
2025-08-22 20:23:18,Clouds,25.76,100
2025-08-22 20:39:52,Clouds,25.76,100
2025-08-22 20:50:11,Clouds,25.76,100
2025-08-22 20:59:57,Clouds,25.76,100
2025-08-22 21:23:46,Clouds,25.76,100
2025-08-22 21:36:24,Clouds,25.76,100
2025-08-22 21:46:39,Clouds,25.76,100
2025-08-22 21:56:37,Clouds,25.76,100
2025-08-22 22:19:28,Clouds,25.46,93
2025-08-22 22:37:24,Clouds,26.76,100
2025-08-22 22:47:28,Clouds,26.76,100
2025-08-22 22:57:20,Clouds,26.76,100
2025-08-22 23:20:37,Clouds,27.26,92
2025-08-22 23:32:24,Clouds,28.76,94
2025-08-22 23:43:14,Clouds,28.76,94
2025-08-22 23:53:16,Clouds,28.76,94
2025-08-23 01:03:00,Clouds,28.76,94
2025-08-23 02:38:40,Clouds,30.76,79
2025-08-23 03:25:23,Clouds,31.76,70
2025-08-23 03:49:18,Clouds,31.76,70
2025-08-23 03:59:01,Clouds,31.76,70
2025-08-23 04:29:36,Clouds,30.76,79
2025-08-23 04:45:12,Clouds,30.76,79
2025-08-23 04:54:49,Clouds,30.76,79
2025-08-23 05:15:41,Clouds,30.76,79
2025-08-23 05:33:07,Clouds,29.76,84
2025-08-23 05:43:51,Clouds,29.76,84
2025-08-23 05:53:54,Clouds,29.76,84
2025-08-23 06:20:26,Clouds,30.76,79
2025-08-23 06:43:23,Clouds,30.76,79
2025-08-23 06:54:28,Clouds,30.76,79
2025-08-23 07:14:17,Clouds,30.76,79
2025-08-23 07:28:45,Clear,31.76,74
2025-08-23 07:39:53,Clear,31.76,74
2025-08-23 07:50:03,Clear,31.76,74
2025-08-23 08:00:02,Clear,31.76,74
2025-08-23 08:31:29,Clouds,31.76,74
2025-08-23 08:47:15,Clouds,31.76,74
2025-08-23 08:57:21,Clouds,31.76,74
2025-08-23 09:21:36,Clouds,31.96,72
2025-08-23 09:34:22,Clouds,30.76,79
2025-08-23 09:44:04,Clouds,30.76,79
2025-08-23 09:53:56,Clouds,30.76,79
2025-08-23 10:14:14,Clouds,30.72,75
2025-08-23 10:34:45,Clouds,28.76,89
2025-08-23 10:45:25,Clouds,28.76,89
2025-08-23 10:55:26,Clouds,28.76,89
2025-08-23 11:14:04,Clouds,28.76,89
2025-08-23 11:26:47,Clear,27.76,94
2025-08-23 11:38:24,Clear,27.76,94
2025-08-23 11:48:33,Clear,27.76,94
2025-08-23 11:58:12,Clear,27.76,94
2025-08-23 12:48:00,Clouds,27.76,100
2025-08-23 13:14:37,Clear,27.87,88
2025-08-23 13:35:06,Clouds,27.76,100
2025-08-23 13:45:12,Clouds,27.76,100
2025-08-23 13:55:15,Clouds,27.76,100
2025-08-23 14:15:01,Clear,27.66,87
2025-08-23 14:32:22,Clouds,26.76,100
2025-08-23 14:43:17,Clouds,26.76,100
2025-08-23 14:53:32,Clouds,26.76,100
2025-08-23 15:12:15,Clear,27.29,88
2025-08-23 15:29:07,Clear,25.76,100
2025-08-23 15:40:48,Clear,25.76,100
2025-08-23 15:50:53,Clear,25.76,100
2025-08-23 16:08:22,Clear,25.76,100
2025-08-23 16:32:27,Clear,25.76,100
2025-08-23 16:46:05,Clear,25.76,100
2025-08-23 16:56:10,Clear,25.76,100
2025-08-23 17:15:15,Clear,26.58,94
2025-08-23 17:30:22,Clear,25.76,100
2025-08-23 17:40:36,Clear,25.76,100
2025-08-23 17:50:23,Clear,25.76,100
2025-08-23 18:00:03,Clear,25.76,100
2025-08-23 18:33:42,Clouds,25.76,94
2025-08-23 18:48:33,Clouds,25.76,94
2025-08-23 18:58:22,Clouds,25.76,94
2025-08-23 19:18:17,Clouds,24.76,100
2025-08-23 19:27:55,Clouds,24.76,100
2025-08-23 19:39:26,Clouds,24.76,100
2025-08-23 19:49:27,Clouds,24.76,100
2025-08-23 19:59:11,Clouds,24.76,100
2025-08-23 20:25:56,Clouds,24.76,100
2025-08-23 20:39:24,Clouds,24.76,100
2025-08-23 20:49:28,Clouds,24.76,100
2025-08-23 20:59:06,Clouds,24.76,100
2025-08-23 21:22:14,Clouds,24.76,100
2025-08-23 21:33:35,Clouds,24.76,100
2025-08-23 21:43:37,Clouds,24.76,100
2025-08-23 21:53:39,Clouds,24.76,100
2025-08-23 22:12:43,Clouds,24.76,100
2025-08-23 22:32:05,Clouds,26.76,100
2025-08-23 22:44:09,Clouds,26.76,100
2025-08-23 22:54:16,Clouds,26.76,100
2025-08-23 23:14:36,Clouds,26.76,100
2025-08-23 23:30:08,Clouds,27.76,100
2025-08-23 23:41:36,Clouds,27.76,100
2025-08-23 23:51:41,Clouds,27.76,100
2025-08-24 00:56:26,Clouds,28.76,94
2025-08-24 02:49:29,Clouds,31.76,70
2025-08-24 03:40:24,Clouds,31.76,66
2025-08-24 04:03:39,Clouds,31.76,66
2025-08-24 04:35:32,Clouds,32.76,62
2025-08-24 04:50:10,Clouds,32.76,62
2025-08-24 05:00:00,Clouds,32.76,62
2025-08-24 05:26:33,Clouds,32.2,56
2025-08-24 05:41:28,Clouds,33.76,59
2025-08-24 05:51:39,Clouds,33.76,59
2025-08-24 06:14:32,Clouds,33.76,59
2025-08-24 06:43:30,Clouds,34.76,46
2025-08-24 06:55:46,Clouds,34.76,46
2025-08-24 07:17:36,Clear,33.35,52
2025-08-24 07:30:42,Clouds,33.76,52
2025-08-24 07:41:15,Clouds,33.76,52
2025-08-24 07:51:18,Clouds,33.76,52
2025-08-24 08:11:14,Clouds,33.76,52
2025-08-24 08:34:12,Clouds,32.76,58
2025-08-24 08:48:15,Clouds,32.76,58
2025-08-24 08:58:01,Clouds,32.76,58
2025-08-24 09:23:04,Clouds,30.76,70
2025-08-24 09:36:15,Clouds,30.76,70
2025-08-24 09:46:07,Clouds,30.76,70
2025-08-24 09:56:06,Clouds,30.76,70
2025-08-24 10:19:03,Clear,30.31,66
2025-08-24 10:37:37,Clouds,28.76,89
2025-08-24 10:47:31,Clouds,28.76,89
2025-08-24 10:57:14,Clouds,28.76,89
2025-08-24 11:17:27,Clear,28.89,79
2025-08-24 11:28:30,Clear,27.76,89
2025-08-24 11:39:54,Clear,27.76,89
2025-08-24 11:50:08,Clear,27.76,89
2025-08-24 12:00:12,Clear,27.76,89
2025-08-24 12:50:49,Clear,26.76,100
2025-08-24 13:16:59,Clouds,28.44,81
2025-08-24 13:37:31,Clear,26.76,100
2025-08-24 13:47:37,Clear,26.76,100
2025-08-24 13:57:41,Clear,26.76,100
2025-08-24 14:20:06,Clouds,28.2,84
2025-08-24 14:35:44,Clear,26.76,100
2025-08-24 14:45:38,Clear,26.76,100
2025-08-24 14:55:18,Clear,26.76,100
2025-08-24 15:16:48,Clear,26.76,100
2025-08-24 15:32:09,Clear,25.76,100
2025-08-24 15:42:44,Clear,25.76,100
2025-08-24 15:52:59,Clear,25.76,100
2025-08-24 16:14:25,Clouds,26.71,91
2025-08-24 16:38:16,Clouds,25.76,100
2025-08-24 16:51:24,Clouds,25.76,100
2025-08-24 17:07:56,Clouds,25.76,100
2025-08-24 17:28:07,Clouds,26.76,100
2025-08-24 17:41:13,Clouds,26.76,100
2025-08-24 17:51:16,Clouds,26.76,100
2025-08-24 18:11:49,Clouds,26.31,89
2025-08-24 18:40:03,Clouds,25.76,100
2025-08-24 18:52:39,Clouds,25.76,100
2025-08-24 19:09:37,Clouds,25.58,95
2025-08-24 19:24:09,Clouds,25.76,100
2025-08-24 19:36:02,Clouds,25.76,100
2025-08-24 19:45:51,Clouds,25.76,100
2025-08-24 19:55:31,Clouds,25.76,100
2025-08-24 20:19:22,Clouds,25.76,100
2025-08-24 20:35:36,Clouds,25.76,100
2025-08-24 20:46:00,Clouds,25.76,100
2025-08-24 20:55:53,Clouds,25.76,100
2025-08-24 21:16:58,Clouds,25.49,93
2025-08-24 21:30:32,Clouds,26.76,100
2025-08-24 21:41:27,Clouds,26.76,100
2025-08-24 21:51:20,Clouds,26.76,100
2025-08-24 22:08:35,Clouds,26.76,100
2025-08-24 22:31:07,Clouds,27.76,100
2025-08-24 22:44:22,Rain,27.76,100
2025-08-24 22:54:32,Rain,27.76,100
2025-08-24 23:15:05,Clouds,27.53,89
2025-08-24 23:30:45,Clouds,25.76,100
2025-08-24 23:42:44,Clouds,24.76,100
2025-08-24 23:52:45,Clouds,24.76,100
2025-08-25 01:02:53,Rain,26.76,100
2025-08-25 02:50:11,Clouds,30.76,84
2025-08-25 03:39:23,Clouds,30.76,84
2025-08-25 04:03:23,Clouds,30.76,84
2025-08-25 04:37:16,Clouds,32.76,70
2025-08-25 04:53:11,Clouds,32.76,70
2025-08-25 05:15:12,Clouds,33.81,60
2025-08-25 05:38:04,Clouds,32.76,70
2025-08-25 05:50:33,Clouds,32.76,70
2025-08-25 06:00:27,Clouds,32.76,70
2025-08-25 06:42:02,Clouds,31.76,74
2025-08-25 06:57:57,Clouds,31.76,74
2025-08-25 07:24:48,Clouds,31.76,70
2025-08-25 07:39:16,Clouds,31.76,70
2025-08-25 07:49:14,Clouds,31.76,70
2025-08-25 07:59:15,Clouds,31.76,70
2025-08-25 08:36:51,Clouds,30.76,84
2025-08-25 08:55:37,Clouds,30.76,84
2025-08-25 09:21:45,Clouds,30.76,79
2025-08-25 09:39:50,Clouds,30.76,79
2025-08-25 09:50:31,Clouds,30.76,79
2025-08-25 10:00:36,Clouds,30.76,79
2025-08-25 10:31:05,Clouds,29.76,84
2025-08-25 10:47:29,Clouds,29.76,84
2025-08-25 10:57:27,Clouds,29.76,84
2025-08-25 11:20:11,Clouds,28.76,94
2025-08-25 11:31:54,Clouds,28.76,94
2025-08-25 11:43:22,Clouds,28.76,94
2025-08-25 11:53:29,Clouds,28.76,94
2025-08-25 12:29:28,Clouds,28.76,94
2025-08-25 13:08:54,Clouds,28.76,94
2025-08-25 13:41:44,Clouds,28.76,94
2025-08-25 13:53:37,Clouds,28.76,94
2025-08-25 14:15:15,Clear,27.09,86
2025-08-25 14:39:25,Clouds,28.76,100
2025-08-25 14:52:04,Rain,28.76,100
2025-08-25 15:11:56,Thunderstorm,28.76,100
2025-08-25 15:33:40,Thunderstorm,27.76,100
2025-08-25 15:47:08,Rain,27.76,100
2025-08-25 15:57:17,Thunderstorm,27.76,100
2025-08-25 16:29:20,Rain,27.76,94
2025-08-25 16:50:17,Rain,27.76,94
2025-08-25 17:00:05,Rain,27.76,94
2025-08-25 17:23:07,Rain,25.6,94
2025-08-25 17:38:03,Rain,26.76,100
2025-08-25 17:47:44,Rain,26.76,100
2025-08-25 17:57:24,Rain,26.76,100
2025-08-25 18:34:11,Rain,25.76,100
2025-08-25 18:53:14,Thunderstorm,25.76,100
2025-08-25 19:10:56,Thunderstorm,25.76,100
2025-08-25 19:26:05,Thunderstorm,24.76,100
2025-08-25 19:38:08,Thunderstorm,24.76,100
2025-08-25 19:48:15,Rain,24.76,100
2025-08-25 19:58:14,Rain,24.76,100
2025-08-25 20:27:45,Rain,24.76,100
2025-08-25 20:43:06,Rain,24.76,100
2025-08-25 20:53:15,Rain,24.76,100
2025-08-25 21:12:47,Rain,24.76,100
2025-08-25 21:30:30,Rain,25.76,100
2025-08-25 21:42:58,Rain,25.76,100
2025-08-25 21:52:41,Rain,25.76,100
2025-08-25 22:12:22,Rain,25.09,98
2025-08-25 22:33:45,Mist,25.76,100
2025-08-25 22:46:04,Mist,25.76,100
2025-08-25 22:55:41,Mist,25.76,100
2025-08-25 23:17:55,Mist,25.78,94
2025-08-25 23:32:21,Mist,26.76,100
2025-08-25 23:43:29,Rain,26.76,100
2025-08-25 23:53:36,Rain,26.76,100
2025-08-26 01:09:49,Mist,26.76,100
2025-08-26 02:47:24,Mist,29.76,84
2025-08-26 03:33:45,Clouds,29.76,74
2025-08-26 03:57:27,Clouds,29.76,74
2025-08-26 04:27:54,Clouds,30.76,66
2025-08-26 04:45:49,Clouds,30.76,66
2025-08-26 04:56:00,Clouds,30.76,66
2025-08-26 05:20:01,Clouds,30.76,66
2025-08-26 05:39:02,Clouds,30.76,66
2025-08-26 05:49:42,Clouds,30.76,66
2025-08-26 05:59:40,Clouds,30.76,66
2025-08-26 06:40:01,Clouds,31.76,62
2025-08-26 06:57:04,Clouds,31.76,62
2025-08-26 07:22:13,Clouds,30.76,70
2025-08-26 07:36:54,Clouds,30.76,70
2025-08-26 07:47:13,Clouds,30.76,70
2025-08-26 07:57:07,Clouds,30.76,70
2025-08-26 08:31:41,Clouds,29.76,74
2025-08-26 08:52:50,Clouds,29.76,74
2025-08-26 09:14:17,Clouds,29.33,71
2025-08-26 09:36:27,Clouds,28.76,79
2025-08-26 09:49:18,Clouds,28.76,79
2025-08-26 09:59:23,Clouds,28.76,79
2025-08-26 10:29:27,Clouds,27.76,94
2025-08-26 10:47:25,Clouds,27.76,94
2025-08-26 10:57:02,Clouds,27.76,94
2025-08-26 11:19:49,Clear,26.76,89
2025-08-26 11:32:22,Clear,26.76,89
2025-08-26 11:43:30,Clear,26.76,89
2025-08-26 11:53:33,Clear,26.76,89
2025-08-26 12:31:57,Clear,25.76,94
2025-08-26 13:17:11,Clouds,24.76,100
2025-08-26 13:45:21,Clouds,24.76,100
2025-08-26 13:55:40,Clouds,24.76,100
2025-08-26 14:18:15,Clear,25.78,89
2025-08-26 14:38:21,Clouds,24.76,100
2025-08-26 14:50:09,Clouds,24.76,100
2025-08-26 15:00:06,Clouds,24.76,100
2025-08-26 15:28:11,Clouds,24.76,94
2025-08-26 15:43:08,Clouds,24.76,94
2025-08-26 15:53:26,Clouds,24.76,94
2025-08-26 16:16:53,Clouds,24.65,90
2025-08-26 16:41:34,Clouds,23.76,100
2025-08-26 16:54:13,Clouds,23.76,100
2025-08-26 17:14:15,Clouds,24.25,94
2025-08-26 17:32:24,Clear,22.76,100
2025-08-26 17:44:29,Clear,22.76,100
2025-08-26 17:54:11,Clear,22.76,100
2025-08-26 18:21:37,Clouds,24,91
2025-08-26 18:44:55,Clear,22.76,100
2025-08-26 18:56:07,Clear,22.76,100
2025-08-26 19:15:54,Clouds,24.13,95
2025-08-26 19:26:50,Clear,22.76,100
2025-08-26 19:38:33,Clear,22.76,100
2025-08-26 19:48:52,Clear,22.76,100
2025-08-26 19:58:40,Clear,22.76,100
2025-08-26 20:27:23,Clear,21.76,100
2025-08-26 20:42:01,Clear,21.76,100
2025-08-26 20:52:10,Clear,21.76,100
2025-08-26 21:10:00,Clouds,23.5,98
2025-08-26 21:27:16,Clear,21.76,100
2025-08-26 21:39:13,Clear,21.76,100
2025-08-26 21:49:24,Clear,21.76,100
2025-08-26 21:59:24,Clear,21.76,100
2025-08-26 22:25:16,Clouds,22.78,100
2025-08-26 22:39:59,Clear,23.76,100
2025-08-26 22:50:05,Clear,23.76,100
2025-08-26 22:59:53,Clear,23.76,100
2025-08-26 23:23:27,Clouds,25.76,94
2025-08-26 23:35:20,Clouds,25.76,94
2025-08-26 23:45:16,Clouds,25.76,94
2025-08-26 23:55:19,Clouds,25.76,94
2025-08-27 01:22:41,Clouds,29.76,70
2025-08-27 02:44:45,Clouds,29.76,66
2025-08-27 03:26:43,Clouds,30.76,55
2025-08-27 03:49:39,Clouds,30.76,55
2025-08-27 03:59:47,Clouds,30.76,55
2025-08-27 04:30:33,Clouds,31.76,55
2025-08-27 04:45:27,Clouds,31.76,55
2025-08-27 04:55:28,Clouds,31.76,55
2025-08-27 05:17:46,Clouds,31.94,50
2025-08-27 05:35:54,Clear,31.76,51
2025-08-27 05:46:03,Clear,31.76,51
2025-08-27 05:55:52,Clear,31.76,51
2025-08-27 06:28:14,Clouds,32.4,46
2025-08-27 06:49:37,Clear,31.76,51
2025-08-27 06:59:38,Clear,31.76,51
2025-08-27 07:24:49,Clear,30.76,58
2025-08-27 07:37:11,Clear,30.76,58
2025-08-27 07:47:01,Clear,30.76,58
2025-08-27 07:56:48,Clear,30.76,58
2025-08-27 08:28:39,Clear,28.76,65
2025-08-27 08:48:11,Clear,28.76,65
2025-08-27 08:58:20,Clear,28.76,65
2025-08-27 09:26:45,Clouds,27.76,65
2025-08-27 09:41:42,Clouds,27.76,65
2025-08-27 09:51:47,Clouds,27.76,65
2025-08-27 10:10:51,Clouds,27.76,65
2025-08-27 10:33:49,Clear,25.76,78
2025-08-27 10:46:40,Clear,25.76,78
2025-08-27 10:56:47,Clear,25.76,78
2025-08-27 11:17:57,Clouds,28.05,74
2025-08-27 11:29:22,Clear,25.76,83
2025-08-27 11:40:38,Clear,25.76,83
2025-08-27 11:50:26,Clear,25.76,83
2025-08-27 12:00:20,Clear,25.76,83
2025-08-27 12:53:59,Clear,25.76,89
2025-08-27 13:25:05,Clear,24.76,94
2025-08-27 13:44:09,Clear,24.76,94
2025-08-27 13:54:23,Clear,24.76,94
2025-08-27 14:15:38,Clouds,25.35,80
2025-08-27 14:37:02,Clear,24.76,100
2025-08-27 14:49:04,Clear,24.76,100
2025-08-27 14:59:07,Clear,24.76,100
2025-08-27 15:27:03,Clear,24.76,100
2025-08-27 15:42:07,Clear,24.76,100
2025-08-27 15:51:59,Clear,24.76,100
2025-08-27 16:13:27,Clear,24.76,100
2025-08-27 16:40:40,Clear,24.76,100
2025-08-27 16:53:55,Clear,24.76,100
2025-08-27 17:13:07,Clouds,24.72,84
2025-08-27 17:31:19,Clear,24.76,100
2025-08-27 17:43:22,Clear,24.76,100
2025-08-27 17:53:37,Clear,24.76,100
2025-08-27 18:20:06,Clear,24.76,94
2025-08-27 18:42:57,Clear,24.76,94
2025-08-27 18:54:05,Clear,24.76,94
2025-08-27 19:13:00,Clear,24.76,94
2025-08-27 19:26:28,Clear,24.76,94
2025-08-27 19:37:49,Clear,24.76,94
2025-08-27 19:48:00,Clear,24.76,94
2025-08-27 19:58:04,Clear,24.76,94
2025-08-27 20:26:52,Clear,24.76,94
2025-08-27 20:41:51,Clear,24.76,94
2025-08-27 20:52:04,Clear,24.76,94
2025-08-27 21:09:53,Clouds,24.6,87
2025-08-27 21:27:39,Clear,24.76,94
2025-08-27 21:39:30,Clear,24.76,94
2025-08-27 21:49:38,Clear,24.76,94
2025-08-27 21:59:22,Clear,24.76,94
2025-08-27 22:24:32,Clear,24.76,100
2025-08-27 22:39:00,Clear,24.76,100
2025-08-27 22:48:52,Clear,24.76,100
2025-08-27 22:58:21,Clear,24.76,100
2025-08-27 23:22:22,Clouds,25.47,90
2025-08-27 23:33:47,Clear,25.76,89
2025-08-27 23:43:41,Clear,25.76,89
2025-08-27 23:53:50,Clear,25.76,89
2025-08-28 01:08:16,Clear,28.76,74
2025-08-28 02:40:41,Clouds,29.76,62
2025-08-28 03:26:04,Clouds,30.76,62
2025-08-28 03:49:13,Clouds,30.76,62
2025-08-28 03:58:59,Clouds,30.76,62
2025-08-28 04:29:56,Clouds,30.76,62
2025-08-28 04:45:13,Clouds,30.76,62
2025-08-28 04:55:00,Clouds,30.76,62
2025-08-28 05:17:05,Clouds,30.5,59
2025-08-28 05:35:13,Clouds,29.76,70
2025-08-28 05:45:49,Clouds,29.76,70
2025-08-28 05:55:31,Clouds,29.76,70
2025-08-28 06:28:34,Clouds,30.76,70
2025-08-28 06:51:14,Clouds,30.76,70
2025-08-28 07:09:35,Clouds,30.76,70
2025-08-28 07:28:41,Clouds,29.78,70
2025-08-28 07:41:54,Clouds,29.76,74
2025-08-28 07:52:09,Clouds,29.76,74
2025-08-28 08:15:13,Clouds,30.7,71
2025-08-28 08:41:25,Clouds,30.76,70
2025-08-28 08:55:11,Clouds,30.76,70
2025-08-28 09:18:40,Clouds,29.76,79
2025-08-28 09:36:04,Clouds,29.76,79
2025-08-28 09:46:39,Clouds,29.76,79
2025-08-28 09:56:35,Clouds,29.76,79
2025-08-28 10:22:29,Clouds,28.29,79
2025-08-28 10:41:16,Clouds,28.76,84
2025-08-28 10:51:30,Clouds,28.76,84
2025-08-28 11:08:20,Clouds,28.76,84
2025-08-28 11:25:00,Clouds,28.76,84
2025-08-28 11:36:56,Clouds,28.76,84
2025-08-28 11:47:08,Clouds,28.76,84
2025-08-28 11:57:07,Clouds,28.76,84
2025-08-28 12:45:40,Clouds,27.76,94
2025-08-28 13:19:22,Clouds,27.76,100
2025-08-28 13:42:08,Clouds,27.76,100
2025-08-28 13:52:36,Clouds,27.76,100
2025-08-28 14:12:30,Clouds,27.76,100
2025-08-28 14:34:42,Clouds,27.76,100
2025-08-28 14:48:25,Clouds,27.76,100
2025-08-28 14:58:40,Clouds,27.76,100
2025-08-28 15:26:37,Clouds,27.76,100
2025-08-28 15:42:00,Clouds,27.76,100
2025-08-28 15:52:13,Clouds,27.76,100
2025-08-28 16:14:09,Clouds,27.76,100
2025-08-28 16:40:36,Clouds,27.76,100
2025-08-28 16:54:16,Clouds,27.76,100
2025-08-28 17:13:45,Clouds,25.57,93
2025-08-28 17:32:00,Clouds,27.76,100
2025-08-28 17:43:30,Clouds,27.76,100
2025-08-28 17:53:08,Clouds,27.76,100
2025-08-28 18:18:59,Clouds,25.21,96
2025-08-28 18:44:04,Clouds,26.76,100
2025-08-28 18:55:58,Clouds,26.76,100
2025-08-28 19:15:53,Clouds,25.99,92
2025-08-28 19:27:35,Clouds,26.76,100
2025-08-28 19:39:02,Clouds,26.76,100
2025-08-28 19:49:20,Clouds,26.76,100
2025-08-28 19:59:00,Clouds,26.76,100
2025-08-28 20:27:50,Clouds,26.76,100
2025-08-28 20:41:53,Clouds,26.76,100
2025-08-28 20:52:09,Clouds,26.76,100
2025-08-28 21:10:12,Rain,26.76,100
2025-08-28 21:27:31,Rain,26.76,100
2025-08-28 21:39:06,Rain,26.76,100
2025-08-28 21:49:11,Rain,26.76,100
2025-08-28 21:58:58,Rain,26.76,100
2025-08-28 22:24:03,Clouds,27.76,100
2025-08-28 22:38:31,Clouds,27.76,100
2025-08-28 22:48:28,Clouds,27.76,100
2025-08-28 22:58:12,Clouds,27.76,100
2025-08-28 23:22:29,Clouds,26.29,87
2025-08-28 23:34:00,Clouds,28.76,100
2025-08-28 23:43:58,Clouds,28.76,100
2025-08-28 23:54:08,Clouds,28.76,100
2025-08-29 01:11:59,Clouds,29.76,89
2025-08-29 02:41:37,Clouds,30.76,79
2025-08-29 03:25:42,Clouds,30.76,74
2025-08-29 03:48:32,Clouds,30.76,74
2025-08-29 03:58:24,Clouds,30.76,74
2025-08-29 04:29:38,Clouds,31.76,74
2025-08-29 04:45:09,Clouds,31.76,74
2025-08-29 04:54:46,Clouds,31.76,74
2025-08-29 05:16:19,Clouds,30.76,79
2025-08-29 05:34:09,Clouds,30.76,79
2025-08-29 05:44:50,Clouds,30.76,79
2025-08-29 05:54:59,Clouds,30.76,79
2025-08-29 06:25:58,Clouds,31.76,74
2025-08-29 06:48:33,Clouds,31.76,74
2025-08-29 06:58:13,Clouds,31.76,74
2025-08-29 07:24:08,Clouds,31.02,71
2025-08-29 07:36:25,Clouds,25.76,100
2025-08-29 07:46:29,Clouds,25.76,100
2025-08-29 07:56:16,Clouds,25.76,100
2025-08-29 08:27:02,Clouds,28.76,100
2025-08-29 08:46:48,Clouds,28.76,100
2025-08-29 08:56:40,Clouds,28.76,100
2025-08-29 09:21:56,Clouds,28.76,100
2025-08-29 09:37:41,Clouds,28.76,100
2025-08-29 09:47:24,Clouds,28.76,100
2025-08-29 09:57:08,Clouds,28.76,100
2025-08-29 10:22:46,Clouds,28.76,100
2025-08-29 10:40:12,Clouds,28.76,100
2025-08-29 10:50:17,Clouds,28.76,100
2025-08-29 11:00:25,Clouds,28.76,100
2025-08-29 11:21:28,Clouds,29.22,90
2025-08-29 11:32:07,Clouds,27.76,100
2025-08-29 11:42:22,Clouds,27.76,100
2025-08-29 11:52:25,Clouds,27.76,100
2025-08-29 12:22:13,Clouds,26.76,100
2025-08-29 13:00:43,Clouds,26.76,100
2025-08-29 13:33:14,Clouds,26.76,100
2025-08-29 13:46:08,Rain,26.76,100
2025-08-29 13:55:54,Rain,26.76,100
2025-08-29 14:18:13,Rain,27.28,97
2025-08-29 14:37:36,Clouds,26.76,100
2025-08-29 14:48:17,Clouds,26.76,100
2025-08-29 14:58:19,Clouds,26.76,100
2025-08-29 15:22:55,Mist,26.76,100
2025-08-29 15:36:19,Mist,26.76,100
2025-08-29 15:46:07,Mist,26.76,100
2025-08-29 15:55:53,Mist,26.76,100
2025-08-29 16:23:39,Rain,27.18,97
2025-08-29 16:43:52,Mist,27.76,100
2025-08-29 16:54:33,Thunderstorm,27.76,100
2025-08-29 17:13:53,Thunderstorm,26.76,100
2025-08-29 17:30:47,Thunderstorm,26.76,100
2025-08-29 17:42:20,Mist,26.76,100
2025-08-29 17:52:31,Thunderstorm,26.76,100
2025-08-29 18:16:33,Thunderstorm,26.76,100
2025-08-29 18:40:43,Rain,26.76,100
2025-08-29 18:52:02,Thunderstorm,26.76,100
2025-08-29 19:08:17,Thunderstorm,26.76,100
2025-08-29 19:22:47,Thunderstorm,26.76,100
2025-08-29 19:34:29,Thunderstorm,26.76,100
2025-08-29 19:44:10,Mist,26.76,100
2025-08-29 19:54:02,Mist,26.76,100
2025-08-29 20:16:03,Clouds,26.76,100
2025-08-29 20:32:30,Clouds,26.76,100
2025-08-29 20:43:43,Rain,26.76,100
2025-08-29 20:53:42,Rain,26.76,100
2025-08-29 21:12:45,Rain,26.76,100
2025-08-29 21:28:06,Rain,26.76,94
2025-08-29 21:39:04,Rain,26.76,94
2025-08-29 21:49:03,Rain,26.76,94
2025-08-29 21:59:06,Rain,26.76,94
2025-08-29 22:23:56,Thunderstorm,26.76,100
2025-08-29 22:37:55,Thunderstorm,26.76,100
2025-08-29 22:48:06,Thunderstorm,26.76,100
2025-08-29 22:58:13,Rain,26.76,100
2025-08-29 23:21:53,Rain,26.76,100
2025-08-29 23:32:36,Mist,26.76,100
2025-08-29 23:42:48,Thunderstorm,26.76,100
2025-08-29 23:52:58,Thunderstorm,26.76,100
2025-08-30 00:58:06,Mist,26.76,100
2025-08-30 02:22:07,Clouds,31.35,71
2025-08-30 03:08:34,Clouds,29.76,89
2025-08-30 03:38:43,Clouds,31.76,74
2025-08-30 03:50:37,Clouds,31.76,74
2025-08-30 04:00:52,Clouds,31.76,74
2025-08-30 04:29:10,Clouds,31.76,62
2025-08-30 04:42:56,Clouds,31.76,62
2025-08-30 04:52:57,Clouds,31.76,62
2025-08-30 05:11:39,Clouds,33.13,49
2025-08-30 05:30:12,Clouds,30.76,74
2025-08-30 05:41:42,Clouds,30.76,74
2025-08-30 05:51:47,Clouds,30.76,74
2025-08-30 06:13:32,Clouds,32.79,57
2025-08-30 06:40:04,Clouds,31.76,70
2025-08-30 06:51:11,Clouds,31.76,70
2025-08-30 07:07:59,Clouds,31.76,70
2025-08-30 07:24:26,Clouds,31.76,70
2025-08-30 07:35:31,Clouds,31.76,70
2025-08-30 07:45:24,Clouds,31.76,70
2025-08-30 07:55:28,Clouds,31.76,70
2025-08-30 08:20:44,Clear,30.61,60
2025-08-30 08:38:29,Clouds,31.76,66
2025-08-30 08:49:40,Clouds,31.76,66
2025-08-30 08:59:39,Clouds,31.76,66
2025-08-30 09:23:37,Clouds,30.76,66
2025-08-30 09:34:54,Clouds,30.76,66
2025-08-30 09:44:36,Clouds,30.76,66
2025-08-30 09:54:36,Clouds,30.76,66
2025-08-30 10:14:50,Clear,28.94,63
2025-08-30 10:32:48,Clouds,27.76,94
2025-08-30 10:43:07,Clouds,27.76,94
2025-08-30 10:53:06,Clouds,27.76,94
2025-08-30 11:09:39,Clouds,27.76,94
2025-08-30 11:23:27,Clear,27.76,94
2025-08-30 11:35:26,Clear,27.76,94
2025-08-30 11:45:29,Clear,27.76,94
2025-08-30 11:55:11,Clear,27.76,94
2025-08-30 12:32:50,Clear,26.76,100
2025-08-30 13:01:22,Clear,26.76,100
2025-08-30 13:27:56,Clear,25.76,100
2025-08-30 13:39:32,Clear,25.76,100
2025-08-30 13:49:14,Clear,25.76,100
2025-08-30 13:59:10,Clear,25.76,100
2025-08-30 14:21:11,Clear,25.76,100
2025-08-30 14:33:56,Clear,25.76,100
2025-08-30 14:43:47,Clear,25.76,100
2025-08-30 14:53:49,Clear,25.76,100
2025-08-30 15:12:39,Clear,27.04,91
2025-08-30 15:28:29,Clear,25.76,100
2025-08-30 15:39:44,Clear,25.76,100
2025-08-30 15:49:39,Clear,25.76,100
2025-08-30 15:59:41,Clear,25.76,100
2025-08-30 16:28:59,Clear,26.6,88
2025-08-30 16:44:01,Clear,24.76,100
2025-08-30 16:53:56,Clear,24.76,100
2025-08-30 17:11:36,Clear,26.5,89
2025-08-30 17:27:35,Clear,24.76,100
2025-08-30 17:38:53,Clear,24.76,100
2025-08-30 17:48:38,Clear,24.76,100
2025-08-30 17:58:23,Clear,24.76,100
2025-08-30 18:32:00,Clear,23.76,100
2025-08-30 18:46:48,Clear,23.76,100
2025-08-30 18:56:51,Clear,23.76,100
2025-08-30 19:15:15,Clouds,25.69,90
2025-08-30 19:25:31,Clear,23.76,100
2025-08-30 19:36:49,Clear,23.76,100
2025-08-30 19:46:54,Clear,23.76,100
2025-08-30 19:56:36,Clear,23.76,100
2025-08-30 20:20:29,Clear,23.76,100
2025-08-30 20:33:48,Clear,23.76,100
2025-08-30 20:44:04,Clear,23.76,100
2025-08-30 20:54:04,Clear,23.76,100
2025-08-30 21:12:28,Clear,23.76,100
2025-08-30 21:27:03,Clouds,25.68,92
2025-08-30 21:38:05,Clear,23.76,100
2025-08-30 21:48:05,Clear,23.76,100
2025-08-30 21:58:01,Clear,23.76,100
2025-08-30 22:21:22,Clear,25.76,100
2025-08-30 22:35:28,Clear,25.76,100
2025-08-30 22:45:20,Clear,25.76,100
2025-08-30 22:55:22,Clear,25.76,100
2025-08-30 23:15:51,Clouds,26.83,89
2025-08-30 23:29:08,Clouds,27.76,94
2025-08-30 23:40:22,Clouds,27.76,94
2025-08-30 23:50:12,Clouds,27.76,94
2025-08-31 00:00:00,Clouds,27.76,94
2025-08-31 02:05:51,Rain,30.76,70
2025-08-31 03:12:13,Clouds,30.64,64
2025-08-31 03:44:45,Clouds,28.76,79
2025-08-31 03:56:23,Clouds,28.76,79
2025-08-31 04:23:59,Clouds,31.76,70
2025-08-31 04:40:42,Clouds,31.76,70
2025-08-31 04:50:24,Clouds,31.76,70
2025-08-31 05:00:07,Clouds,31.76,70
2025-08-31 05:24:57,Clouds,30.76,70
2025-08-31 05:38:44,Clouds,30.76,70
2025-08-31 05:48:57,Clouds,30.76,70
2025-08-31 05:58:35,Clouds,30.76,70
2025-08-31 06:34:15,Clouds,31.76,66
2025-08-31 06:49:15,Clouds,31.76,66
2025-08-31 06:59:17,Clouds,31.76,66
2025-08-31 07:22:26,Rain,31.76,66
2025-08-31 07:33:10,Thunderstorm,31.76,66
2025-08-31 07:42:58,Thunderstorm,31.76,66
2025-08-31 07:53:07,Thunderstorm,31.76,66
2025-08-31 08:15:41,Thunderstorm,31.76,66
2025-08-31 08:35:05,Clouds,29.76,79
2025-08-31 08:46:58,Clouds,29.76,79
2025-08-31 08:57:05,Clouds,29.76,79
2025-08-31 09:19:51,Clouds,29.25,70
2025-08-31 09:30:47,Clouds,29.76,70
2025-08-31 09:41:04,Rain,29.76,70
2025-08-31 09:51:10,Clouds,29.76,70
2025-08-31 10:08:15,Clouds,29.76,70
2025-08-31 10:30:29,Clouds,28.76,84
2025-08-31 10:42:19,Clouds,28.76,84
2025-08-31 10:52:30,Clouds,28.76,84
2025-08-31 11:08:48,Clouds,28.76,84
2025-08-31 11:23:34,Clouds,27.41,76
2025-08-31 11:35:35,Clouds,27.76,94
2025-08-31 11:45:40,Clouds,27.76,94
2025-08-31 11:55:37,Clouds,27.76,94
2025-08-31 12:35:07,Clouds,27.76,89
2025-08-31 13:02:44,Clouds,27.76,89
2025-08-31 13:29:22,Clouds,27.76,89
2025-08-31 13:40:57,Clouds,27.76,89
2025-08-31 13:50:57,Clouds,27.76,89
2025-08-31 14:06:58,Clouds,27.76,89
2025-08-31 14:27:30,Clouds,26.76,100
2025-08-31 14:39:57,Clouds,26.76,100
2025-08-31 14:49:46,Clouds,26.76,100
2025-08-31 14:59:33,Clouds,26.76,100
2025-08-31 15:23:41,Clouds,26.76,94
2025-08-31 15:35:46,Rain,26.76,94
2025-08-31 15:45:34,Clouds,26.76,94
2025-08-31 15:55:33,Clouds,26.76,94
2025-08-31 16:20:31,Clouds,25.43,89
2025-08-31 16:39:09,Clouds,25.76,100
2025-08-31 16:49:48,Clouds,25.76,100
2025-08-31 16:59:39,Clouds,25.76,100
2025-08-31 17:20:39,Clouds,24.85,95
2025-08-31 17:32:48,Clouds,25.76,100
2025-08-31 17:43:00,Clouds,25.76,100
2025-08-31 17:53:13,Clouds,25.76,100
2025-08-31 18:17:05,Clouds,24.62,94
2025-08-31 18:40:38,Clouds,26.76,100
2025-08-31 18:51:27,Clouds,26.76,100
2025-08-31 19:06:59,Rain,24.76,100
2025-08-31 19:21:48,Rain,24.76,100
2025-08-31 19:32:29,Rain,24.76,100
2025-08-31 19:42:28,Rain,24.76,100
2025-08-31 19:52:39,Rain,23.76,100
2025-08-31 20:12:41,Rain,24.76,100
2025-08-31 20:30:55,Rain,24.76,100
2025-08-31 20:42:33,Rain,24.76,100
2025-08-31 20:52:43,Rain,24.76,100
2025-08-31 21:10:30,Rain,24.76,100
2025-08-31 21:26:46,Rain,24.76,100
2025-08-31 21:37:58,Rain,24.76,100
2025-08-31 21:47:56,Rain,24.76,100
2025-08-31 21:57:44,Clouds,24.76,100
2025-08-31 22:21:19,Rain,24.76,100
2025-08-31 22:36:26,Rain,24.76,100
2025-08-31 22:46:07,Rain,24.76,100
2025-08-31 22:55:55,Mist,24.76,100
2025-08-31 23:17:06,Rain,24.45,97
2025-08-31 23:30:21,Rain,24.76,100
2025-08-31 23:41:07,Rain,24.76,100
2025-08-31 23:51:00,Rain,24.76,100
2025-09-01 00:53:08,Rain,25.76,100
2025-09-01 02:48:49,Clouds,27.76,94
2025-09-01 03:44:07,Clouds,29.76,84
2025-09-01 04:17:41,Clouds,26.92,82
2025-09-01 04:43:51,Clouds,28.76,89
2025-09-01 04:56:03,Clouds,28.76,89
2025-09-01 05:20:25,Clouds,28.11,87
2025-09-01 05:38:58,Rain,28.76,89
2025-09-01 05:49:11,Clouds,28.76,89
2025-09-01 05:58:56,Clouds,28.76,89
2025-09-01 06:40:48,Rain,28.76,89
2025-09-01 06:57:17,Rain,28.76,89
2025-09-01 07:23:03,Clouds,26.76,100
2025-09-01 07:37:04,Clouds,26.76,100
2025-09-01 07:47:04,Clouds,26.76,100
2025-09-01 07:57:08,Clouds,26.76,100
2025-09-01 08:32:16,Clouds,28.76,94
2025-09-01 08:52:07,Clouds,28.76,94
2025-09-01 09:14:05,Clouds,26.78,89
2025-09-01 09:36:36,Clouds,25.76,100
2025-09-01 09:48:47,Clouds,25.76,100
2025-09-01 09:58:43,Clouds,25.76,100
2025-09-01 10:29:17,Clouds,25.76,100
2025-09-01 10:46:29,Rain,25.76,100
2025-09-01 10:56:22,Rain,25.76,100
2025-09-01 11:17:02,Rain,26.17,97
2025-09-01 11:29:41,Rain,24.76,100
2025-09-01 11:41:36,Clouds,24.76,100
2025-09-01 11:51:47,Clouds,24.76,100
2025-09-01 12:20:49,Clouds,25.8,95
2025-09-01 13:02:17,Clouds,24.76,100
2025-09-01 13:34:49,Clear,23.76,100
2025-09-01 13:48:25,Clear,23.76,100
2025-09-01 13:58:31,Clear,23.76,100
2025-09-01 14:24:40,Clouds,23.76,100
2025-09-01 14:40:57,Clouds,23.76,100
2025-09-01 14:51:11,Clouds,23.76,100
2025-09-01 15:09:16,Clouds,23.76,100
2025-09-01 15:29:41,Clouds,22.76,100
2025-09-01 15:42:26,Clouds,22.76,100
2025-09-01 15:52:40,Clouds,22.76,100
2025-09-01 16:14:41,Clouds,23.88,95
2025-09-01 16:39:20,Clear,22.76,100
2025-09-01 16:51:52,Clear,22.76,100
2025-09-01 17:09:01,Clear,22.76,100
2025-09-01 17:27:37,Clear,21.76,100
2025-09-01 17:39:49,Clear,21.76,100
2025-09-01 17:49:51,Clear,21.76,100
2025-09-01 17:59:51,Clear,21.76,100
2025-09-01 18:34:56,Clear,21.76,100
2025-09-01 18:49:56,Clear,21.76,100
2025-09-01 18:59:45,Clear,21.76,100
2025-09-01 19:19:36,Clear,21.76,100
2025-09-01 19:29:26,Clear,21.76,100
2025-09-01 19:40:23,Clear,21.76,100
2025-09-01 19:50:04,Clear,21.76,100
2025-09-01 19:59:54,Clear,21.76,100
2025-09-01 20:26:17,Clear,20.76,100
2025-09-01 20:39:28,Clear,20.76,100
2025-09-01 20:49:34,Clear,20.76,100
2025-09-01 20:59:17,Clear,20.76,100
2025-09-01 21:22:09,Clouds,22.28,94
2025-09-01 21:32:48,Clouds,20.76,100
2025-09-01 21:42:54,Clouds,20.76,100
2025-09-01 21:52:47,Clouds,20.76,100
2025-09-01 22:11:42,Clouds,20.76,100
2025-09-01 22:31:23,Clouds,20.76,100
2025-09-01 22:43:40,Clouds,20.76,100
2025-09-01 22:53:17,Clouds,20.76,100
2025-09-01 23:12:25,Clouds,24.03,91
2025-09-01 23:28:30,Clouds,23.76,94
2025-09-01 23:40:26,Clouds,23.76,94
2025-09-01 23:50:04,Clouds,23.76,94
2025-09-01 23:59:49,Clouds,23.76,94
2025-09-02 02:01:47,Clouds,26.76,74
2025-09-02 03:11:40,Clouds,27.18,68
2025-09-02 03:46:04,Clouds,28.76,65
2025-09-02 03:58:33,Clouds,28.76,65
2025-09-02 04:30:50,Clouds,29.76,62
2025-09-02 04:46:30,Clouds,29.76,62
2025-09-02 04:56:19,Clouds,29.76,62
2025-09-02 05:20:38,Clouds,29.76,62
2025-09-02 05:38:43,Clouds,29.76,62
2025-09-02 05:48:49,Clouds,29.76,62
2025-09-02 05:58:50,Clouds,29.76,62
2025-09-02 06:38:46,Clouds,29.76,58
2025-09-02 06:55:08,Clouds,29.76,58
2025-09-02 07:17:37,Clouds,30.21,55
2025-09-02 07:32:55,Clear,29.76,62
2025-09-02 07:44:14,Clear,29.76,62
2025-09-02 07:54:00,Clear,29.76,62
2025-09-02 08:20:55,Clear,28.76,65
2025-09-02 08:43:34,Clear,28.76,65
2025-09-02 08:56:51,Clear,28.76,65
2025-09-02 09:24:07,Clouds,29.64,63
2025-09-02 09:39:55,Clear,28.76,65
2025-09-02 09:50:07,Clear,28.76,65
2025-09-02 10:00:14,Clear,28.76,65
2025-09-02 10:29:24,Clear,25.76,83
2025-09-02 10:44:53,Clear,25.76,83
2025-09-02 10:54:47,Clear,25.76,83
2025-09-02 11:14:28,Clear,25.76,83
2025-09-02 11:28:14,Clear,24.76,94
2025-09-02 11:40:10,Clear,24.76,94
2025-09-02 11:49:45,Clear,24.76,94
2025-09-02 11:59:55,Clear,24.76,94
2025-09-02 12:55:06,Clear,24.76,100
2025-09-02 13:28:25,Clear,23.76,100
2025-09-02 13:47:20,Clear,23.76,100
2025-09-02 13:57:11,Clear,23.76,100
2025-09-02 14:22:59,Clouds,25.09,74
2025-09-02 14:42:13,Clear,22.76,100
2025-09-02 14:53:00,Clear,22.76,100
2025-09-02 15:13:54,Clouds,24.74,91
2025-09-02 15:34:18,Clear,22.76,100
2025-09-02 15:46:32,Clear,22.76,100
2025-09-02 15:56:47,Clear,22.76,100
2025-09-02 16:27:23,Clear,22.76,100
2025-09-02 16:47:55,Clear,22.76,100
2025-09-02 16:57:59,Clear,22.76,100
2025-09-02 17:20:12,Clouds,24.15,92
2025-09-02 17:34:01,Clear,22.76,100
2025-09-02 17:43:57,Clear,22.76,100
2025-09-02 17:53:58,Clear,22.76,100
2025-09-02 18:19:13,Clear,22.76,100
2025-09-02 18:42:11,Clear,21.76,100
2025-09-02 18:52:56,Clear,21.76,100
2025-09-02 19:09:33,Clear,21.76,100
2025-09-02 19:23:01,Clouds,23.31,93
2025-09-02 19:34:36,Clear,21.76,100
2025-09-02 19:44:37,Clear,21.76,100
2025-09-02 19:54:28,Clear,21.76,100
2025-09-02 20:16:57,Clear,21.76,100
2025-09-02 20:30:53,Clear,21.76,100
2025-09-02 20:42:07,Clear,21.76,100
2025-09-02 20:52:20,Clear,21.76,100
